Month,Avg_Sales
1,33174.178494010266
2,34340.4443075746
3,33227.30567841273
4,33412.6092306231
5,33339.88842794267
6,34582.47297792586
7,33935.16986597024
8,33644.79382495115
9,33266.586447123285
10,32731.061550297116
11,36594.03229537082
12,39248.979614930315
